Topics,Topics Description,Topics Link
Productivity,"If time is most precious, this collection of lifehacks is so so precious. Be more productive and optimize your life.",https://www.producthunt.com/topics/productivity
Tech,"Hardware or software. Invention or innovation. If someone‚Äôs pushing technology forward, you‚Äôll find it here.",https://www.producthunt.com/topics/tech
Developer Tools,Software to help you write software.,https://www.producthunt.com/topics/developer-tools
Artificial Intelligence,"NLP, ML, computer vision... AI is all up in your tools and it's not as SciFi as you think.",https://www.producthunt.com/topics/artificial-intelligence
Marketing,"Having a killer product is essential, but it's not that useful if no one knows about it. These products will help you spread the word about your new startup or project.",https://www.producthunt.com/topics/marketing
User Experience,"Is your product easy for people to understand and use? If you're unsure, here are some tools to find out.",https://www.producthunt.com/topics/user-experience
Design Tools,"Design is more than just pretty pixels (no offense, pretty pixels). It's about user experience (UX), graphic design, and so much more, often aided by tools like Photoshop, Sketch, Illustrator, Figma, and other useful tools. üé®",https://www.producthunt.com/topics/design-tools
Internet of Things,"Connect everything to the internet, from your home lighting to connected espressos. Thank you for making coffee, Jarvis.",https://www.producthunt.com/topics/internet-of-things
Wearables,"From dog collars to wrist watches, there's wearable technology for everything. It's now easier than ever to measure the progress of your New Years resolutions (or lack thereof). üòÅ",https://www.producthunt.com/topics/wearables
Home,"Live in the future with the latest in connected devices, furniture built for comfort, and robots. Yes, robots.",https://www.producthunt.com/topics/home
Analytics,Data doesn't lie. Neither do we when we say these products will help.,https://www.producthunt.com/topics/analytics
Photography,"Whether you're Instagram famous or simply a photography enthusiast, there are so many apps and products to make that selfie or time-lapse sunrise even more beautiful. üì∑",https://www.producthunt.com/topics/photography
Growth Hacking,"We're all looking for the hockey stick. Here are a few things that might help, but first follow this topic NOW. #growthhacking",https://www.producthunt.com/topics/growth-hacking
Books,There‚Äôs just nothing like a good book. Expand your knowledge or just kick back with a great adventure.,https://www.producthunt.com/topics/books
Web App,You know that place with all those cat pics and GIFs? It also has some other neat stuff.,https://www.producthunt.com/topics/web-app
Bots,"There‚Äôs a bot for just about everything, from restaurant recommendations to cat GIFs. ‚ÄãBleep bloop beep",https://www.producthunt.com/topics/bots
iOS,"The beloved ""phone"" that changed the way we communicate, play games, and snap photos. üì±",https://www.producthunt.com/topics/ios
Mac,"The legendary foundations of Apple Computers. They're easy to use and easy to love. Go ahead, hop on the üçé bandwagon.",https://www.producthunt.com/topics/mac
API,"These are like user interfaces made for software, instead of humans.",https://www.producthunt.com/topics/api-1
Games,Find something new and exciting to play at home or on the go. Work can wait. Have some fun.,https://www.producthunt.com/topics/games
Social Media,"#GrowthHack your Twitter following and become a social media ninja with these tools. But first, follow us at @ProductHunt. #teamfollowback",https://www.producthunt.com/topics/social-media
Task Management,"Managing your time is hard without a plan. Make a list, check it twice, see which tasks are easy and nice. ‚úîÔ∏é",https://www.producthunt.com/topics/task-management
Health & Fitness,"Losing weight? Gaining weight? There are so many resources available, from calorie counting apps to personal coaches in your pocket. üí™",https://www.producthunt.com/topics/health-fitness
Slack,"Real-time chat with everyone. Use it with your team, family, and friends.",https://www.producthunt.com/topics/slack
Education,"Learn, do, teach. Always be learning!",https://www.producthunt.com/topics/education
Prototyping,"Bring your idea to life super fast with quick and dirty wireframes, mockups, and functional prototypes. Don't worry if it's not perfect.",https://www.producthunt.com/topics/prototyping
Product Hunt,"The place to discover your next favorite thing. Hunt products, search for inspiration, or build along with us. Our community has already created a ton of great sites, extensions and apps with our API.",https://www.producthunt.com/topics/product-hunt
Open Source,Sharing is caring. Build great things together.,https://www.producthunt.com/topics/open-source
Writing,Shakespeare didn't use fancy apps but we're not all Shakespeare. Here are a few things to help you write more good.,https://www.producthunt.com/topics/writing
Android,"One of the fastest growing platforms of all time, the little green bot lives in your pocket and does just about anything.",https://www.producthunt.com/topics/android
Messaging,Plain text can be so boring. Find a new way to spice up your communication.,https://www.producthunt.com/topics/messaging
Chrome Extensions,Level up your Chrome with super browser extensions. Happy surfing. üèÑ,https://www.producthunt.com/topics/chrome-extensions
Music,Skip or repeat? Is your new favorite tunage here?,https://www.producthunt.com/topics/music
Social Network,Connect and stay in touch with everyone you've ever met. Digitally.,https://www.producthunt.com/topics/social-network
Venture Capital,Let us know how we can be helpful. üôÉ,https://www.producthunt.com/topics/venture-capital
Touch Bar Apps,Apps built for Apple's new Touch Bar üëá,https://www.producthunt.com/topics/touch-bar-apps
Virtual Reality,Time to put on your VR headset. We'll see you in the metaverse.,https://www.producthunt.com/topics/virtual-reality
Augmented Reality,"Transforming the world, AR has the potential to change our lives.",https://www.producthunt.com/topics/augmented-reality
Streaming Services,"There are all sorts of apps to ""Netflix and chill"" (in the literal sense) and improve your TV/movie streaming experience.",https://www.producthunt.com/topics/streaming-services
Fintech,"Who's going to be the next Stripe, Coinbase, or Revolut?",https://www.producthunt.com/topics/fintech
GitHub,Software to help you write software.,https://www.producthunt.com/topics/github
Travel,"So many places to see. From the beaches, to the mountains, explore the world and satisfy your inner wunderlust",https://www.producthunt.com/topics/travel
E-Commerce,"Now you never have to leave the comfort of your home. Discover and purchase whatever you want, whenever you want.",https://www.producthunt.com/topics/e-commerce
Branding,Know who you are and make sure everyone else does to.,https://www.producthunt.com/topics/branding
News,Stay in the know. Keep up to date. See what's going on in the world.,https://www.producthunt.com/topics/news
Email,"Love it or hate it, electronic mail is a huge part of your life but fortunately there are so many apps and extensions to make it more managable. PSA: Please don't ""Reply All"" to everything. üòÅ",https://www.producthunt.com/topics/email
Crypto,"Bitcoin, Litecoin, Dogecoin. Cryptocurrency has the capability to change the way we transact and so much more.",https://www.producthunt.com/topics/crypto
Software Engineering,Software to help you write software.,https://www.producthunt.com/topics/software-engineering
SEO,"The first page of a Google search is so important, because, let‚Äôs face it, who actually makes it to page 2? Improve your visibility, increase your ranking and get more visitors by implementing some of these tips, tricks and tools.",https://www.producthunt.com/topics/seo
Calendar,Calendar ping pong is an awful game. These apps and services can help you manage your schedule and save you a ton of time.,https://www.producthunt.com/topics/calendar
SaaS,Software is eating the world. We've gathered the culprits here.,https://www.producthunt.com/topics/saas
Global Nomad,"Not all who wander are lost. Some travel with their home on their back, living and working in cities across the globe. üåç Now there are sites to help nomads meet each other, book a place to stay, and most importantly, find free WiFi.",https://www.producthunt.com/topics/global-nomad
Email Marketing,Email is still one of the stickiest channels to communicate with your users. Email better with some of these marketing tools.,https://www.producthunt.com/topics/email-marketing
LinkedIn,The most professional network of them all is more than just the website. Here's a variety of apps and hacks built on top of the platform.,https://www.producthunt.com/topics/linkedin
Freelance,"We see you, freelancer. Your mission is a grind but helpful tools and community are here.",https://www.producthunt.com/topics/freelance
Coffee,The kind of java that's not object-oriented. ‚òïÔ∏è,https://www.producthunt.com/topics/coffee
Advertising,We get to use so many free services thanks to advertising. Get the most out of your ad budget and earn revenue with some of these tools.,https://www.producthunt.com/topics/advertising
GIFs,No peanut butter here. Only GIFs. üòâ,https://www.producthunt.com/topics/gifs
Crowdfunding,Every bit helps. And so do these crowdfund tools when you're looking for üí∞.,https://www.producthunt.com/topics/crowdfunding
Investing,"These might just get you ""TO THE MOOOOON"" üöÄ",https://www.producthunt.com/topics/investing
Twitter,Share your thoughts with the world in 140 characters... unless you're using OneShot. Tweet like a pro and explore the vast universe of Twitter apps.,https://www.producthunt.com/topics/twitter
Spotify,What's your favorite way to stream the best music? Set the mood with a perfect playlist or start the party bumpin with the illest bangers. üé∂,https://www.producthunt.com/topics/spotify
iMessage Apps,"New in iOS 10, apps are integrated with messaging on your iPhone to easily create and share content, add stickers, make payments, and more, without leaving the conversation.",https://www.producthunt.com/topics/imessage-apps
Drones,"It‚Äôs a bird! It‚Äôs a plane! Nope, it's a drone. Unmanned aerial vehicles are growing in popularity, from the DGI Phantom to the autonomous Lily drone. Even Amazon may deliver T.P. from the sky soon.",https://www.producthunt.com/topics/drones
Instagram,"Did you know you can schedule your Instagram posts, turn your best photos into edible marshmallows, and get detailed analytics for all your pics? There are apps for that. üì∑",https://www.producthunt.com/topics/instagram
Startup Books,Some founders and startuppy folks thought you could learn from these books.,https://www.producthunt.com/topics/startup-books
Design Books,"Becoming the next Jony Ive is hard, but these are a good place to start.",https://www.producthunt.com/topics/design-books
WordPress,The content management system you probably use everyday without even knowing it. WordPress powers 25% of the entire internet. That's a lot of internet.,https://www.producthunt.com/topics/wordpress
Snapchat,"The hottest ""new"" ephemeral social network used for more than just selfies. Follow ProductHuntTeam. üëª",https://www.producthunt.com/topics/snapchat
A/B Testing,There's no innovation without experimentation. Let your audience decide what works best with these tools.,https://www.producthunt.com/topics/a-b-testing
Sketch,An alernative to Photoshop and Illustrator often used to design today's most popular apps and sites.,https://www.producthunt.com/topics/sketch
Typography,Good day to everyone except those who default to Comic Sans.,https://www.producthunt.com/topics/typography
Medium,"All things Medium. Tools that make your writing experience better, plug into the Medium API, and more!",https://www.producthunt.com/topics/medium
Sales,A great product isn't much without sales. Improve your conversation and get to the close with some of these useful tools.,https://www.producthunt.com/topics/sales
Search,"From search, email, and video to A.I., self-driving cars, and VR, Google does it all. Don't miss the latest products, projects, and resources from Google teams around the üåè.",https://www.producthunt.com/topics/search
Art,There are a million ways to create art and there are many tools to help get those creative juices flowing. Express yourself!,https://www.producthunt.com/topics/art
Amazon,"The ""bookstore"" that sells T.P. and anything you're looking for.",https://www.producthunt.com/topics/amazon
Text Editors,"When Post-Its don't cut it anymore, use these to edit everything you write down.",https://www.producthunt.com/topics/text-editors
YouTube,The place to watch cats (and everything else on the internet)üìΩ. Here are some apps and sites to YouTube better.,https://www.producthunt.com/topics/youtube
Virtual Assistants,We could all use a personal assistant. Offload your to-do list and save time with these helpful services.,https://www.producthunt.com/topics/virtual-assistants
reddit,The front page of the Internet,https://www.producthunt.com/topics/reddit
Hiring,"Before #squadgoals there must be hiring. Go forth and godspeed, hiring manager.",https://www.producthunt.com/topics/hiring
Biohacking,Biotechnology is a fascinating field where scientists and innovators manipulate living systems to improve the way we function.,https://www.producthunt.com/topics/biohacking
Movies,Long live cinema! Find your next go-to flick with these products.,https://www.producthunt.com/topics/movies
Apple,"Every new iDevice, app, and computer from the biggest üçé  in the world.",https://www.producthunt.com/topics/apple
Photoshop,"Tools for the people who name their layers. Fine ‚Äî and the ones who don't, too",https://www.producthunt.com/topics/photoshop
Languages,"Komm herein! Entrare! I√ßeri girmek! Intra! That's ""come in"" if you're not a ployglot yet.",https://www.producthunt.com/topics/languages
Maps,There's a map for that üåé,https://www.producthunt.com/topics/maps
Fashion,You've got the front seat at this catwalk. What's going in the bag?,https://www.producthunt.com/topics/fashion
Payments,Pay up! Exchange money using more than just those ancient papers and hunks of metal.,https://www.producthunt.com/topics/payments
Windows,"The Personal Computer changed the way we live and work, created by the legendary Bill Gates with the vision to put a ""computer on every desk"".",https://www.producthunt.com/topics/windows
Menu Bar Apps,Tiny little apps that do magical things and live in your OS X menu bar. Collect 'em all!,https://www.producthunt.com/topics/menu-bar-apps
Meditation,"Technology can raise our blood pressure but it can also help cure everyday anxiousness. Take a break, clear your mind, relieve the stress. There's an app for that.",https://www.producthunt.com/topics/meditation
Climate Tech,Making the world a cleaner place,https://www.producthunt.com/topics/climate-tech
Time Tracking,Time is always escaping us. Track what you're doing so you can be more efficient with life's most precious resource.,https://www.producthunt.com/topics/time-tracking
Newsletters,"Email is far from dead. In fact, it's home to some of the best content on the Internet, like the Product Hunt daily digest. üòÅ",https://www.producthunt.com/topics/newsletters
Video Streaming,Still watching? Obviously. Take a break to scroll through the latest in streaming.,https://www.producthunt.com/topics/video-streaming
Funny,"Knock knock. Who's there? Bad Jokes, cat puns and more. Get ready to LOL right meow.",https://www.producthunt.com/topics/funny
Customer Communication,"The customer is always right, right? From customer support tools to handwritten card services, there are so many ways to make your users smile. üòä",https://www.producthunt.com/topics/customer-communication
Emoji,Be more expressive with your communication. üòÅüòÆüòú,https://www.producthunt.com/topics/emoji
Hardware,Software may be eating the world but it's nothing without hardware.,https://www.producthunt.com/topics/hardware
Facebook Messenger,,https://www.producthunt.com/topics/facebook-messenger
Privacy,You don't have to wear a tinfoil hat to hide from the NSA. There are apps for that.,https://www.producthunt.com/topics/privacy
Robots,"Sure, they might one day take over the world, but for now robots are pretty cool! Let's enjoy them while we can.",https://www.producthunt.com/topics/robots
Spreadsheets,Giant tables of information for your organizational pleasure. Put numbers in them. Put words in them. Put GIFs in them! It's up to you.,https://www.producthunt.com/topics/spreadsheets
Sports,"Whether they involve kicking, throwing, or catching, we all we all love sports. ‚öΩÔ∏è üèà üèÄ",https://www.producthunt.com/topics/sports
Wi-Fi,A necessity these days. There are a bunch of helpful products that can help to keep you connected 24/7. (P.S. Does not play well with airplanes‚Ä¶yet),https://www.producthunt.com/topics/wi-fi
Icons,Not Cher. The other kind of icon ‚Äî and lots of them.,https://www.producthunt.com/topics/icons
3D Printer,"Magically go from digital renditions to touchable prototypes. 3D printing lets you think, create and build multidimension things, from jewelry to toys to selfies (yes, really).",https://www.producthunt.com/topics/3d-printer
Pokemon,Gotta catch 'em all. Gotta upvote your favorites.,https://www.producthunt.com/topics/pokemon
Space,Explore new galaxies from the comfort of a VR headset or liftoff into space through a sci-fi book. Pro tip: the answer is 42. ‚ú®,https://www.producthunt.com/topics/space
Alexa Skills,"üó£ Alexa, what awesome things can you do?",https://www.producthunt.com/topics/alexa-skills
Cooking,Turn raw ingredients into delicious meals for your family and friends. It's like magic.,https://www.producthunt.com/topics/cooking
Public Relations,"Getting your story to the right people can be hard, but with tools like PR in a Box and PR Stack, it's getting easier.",https://www.producthunt.com/topics/public-relations
Free Games,"We all love games, but we don't always have the money for them. These games will give you a ton of fun without stressing your budget.",https://www.producthunt.com/topics/free-games
Outdoors,,https://www.producthunt.com/topics/outdoors
Notes,Still using post-its for all those important to-do's? Try these tools instead.,https://www.producthunt.com/topics/notes
iPad,"A slab of Apple computing genius, now in multiple tablet sizes: Mini, Air, and Pro.",https://www.producthunt.com/topics/ipad
Home Automation,Ok Google! What are some of the awesome things you can do?,https://www.producthunt.com/topics/home-automation
On-Demand,"Get what you want, when you want it, with a few taps. Don't lift a finger... Ok, maybe just one finger.",https://www.producthunt.com/topics/on-demand
Linux,"For those who love to customize their OS to their own likings. Fedora, Red Hat, Ubuntu. You'll have your pick.",https://www.producthunt.com/topics/linux
Vacation,Travel the world and experience a place like you live there.,https://www.producthunt.com/topics/vacation
Storage,Store and have access to all of your files whenever and wherever you are.,https://www.producthunt.com/topics/storage
Beauty,"Gorgeous, gorgeous people share their favorite beauty products here.",https://www.producthunt.com/topics/beauty
Delivery,"Until we have teleportation, this is your best bet for getting anything from point A to point B üì¶",https://www.producthunt.com/topics/delivery
Indie Games,So much passion and love goes into independent games. It's remarkable what can be made with a small budget and just a few people.,https://www.producthunt.com/topics/indie-games
Wallpaper,Beautify and decorate all your screens with everything and anything from sunsets over mountains to artsy photos of pebbles,https://www.producthunt.com/topics/wallpaper
Anonymous,Who are you? Who are you talking about? Does he know who she is? üëª I don't know either.,https://www.producthunt.com/topics/anonymous
Meetings,"Welcome to adulthood, where meetings are unavoidable. Just make sure you're using the right tools to schedule and run productive meetings.",https://www.producthunt.com/topics/meetings
Events,"Planning a wedding, party, or brunch with friends? These tools will help.",https://www.producthunt.com/topics/events
Ridesharing,"Get from A to B, the smartest way. Your private driver, on-demand.",https://www.producthunt.com/topics/ridesharing
Backpacks,"Causing bad posture since kindergarten, backpacks can be a pain. But they're also quite useful, whether you're rocking a stylish P.MAI bag or playful (non-ephemeral) Snapchat ghost backpack.",https://www.producthunt.com/topics/backpacks
Apple Watch,"When you don't have enough notifications on your Phone to distract you, get them on your wrist. Apple's sexy wearable might change your life.",https://www.producthunt.com/topics/apple-watch
TV,Cord-cutters have so many options today. Binge watch the latest Netflix original series or fall into the endless series of cat videos on YouTube. The biggest challenge is deciding what to watch. These apps and sites can help. üì∫,https://www.producthunt.com/topics/tv
Startup Lessons,"Launch your MVP, talk to your customers, that kind of thing.",https://www.producthunt.com/topics/startup-lessons
Strategy Games,"Some of us like to turn off our brain and mash buttons. Others prefer an intellectual challenge, methodically plan each and every move. Challenge your brain with these games.",https://www.producthunt.com/topics/strategy-games
Legal,They stated their case. Now you be the judge of these legal apps and services.,https://www.producthunt.com/topics/legal
SoundCloud,"Explore the largest community of artists, bands, podcasters and music creators, and all the apps built on top of this amazing platform for sound.",https://www.producthunt.com/topics/soundcloud
Cars,"Vroom vroom, beep beep! Turn your Sonata into a smart car with Automatic, drive safer with Navdy, or have a new whip delivered to you with Skurt. üöóüí®",https://www.producthunt.com/topics/cars
PC,,https://www.producthunt.com/topics/pc
Transportation,"Unfortunately, we still can't teleport but at least there are apps that can help us find the most efficient route and take us there.",https://www.producthunt.com/topics/transportation
Dating,"Find your soulmate (or maybe just a new friend) in a few swipes, taps, and emojis exchanges. üòΩ",https://www.producthunt.com/topics/dating
eBook Reader,"Collect and read books that won't gather dust on the handy, portable Amazon Kindle.",https://www.producthunt.com/topics/ebook-reader
Telegram,"The free, multiplatform messaging app used by over 100 million people every month is home for bots for every use case. Here are some of the best integrations.",https://www.producthunt.com/topics/telegram
Board Games,Nothing more heart-warming than getting your peeps together and arguing over a game of [fill in the blank].,https://www.producthunt.com/topics/board-games
Website Builder,Build and design your own beautiful website without a line of code.,https://www.producthunt.com/topics/website-builder
Drinking,Cheers to new drinks and new ways to enjoy them! üçª,https://www.producthunt.com/topics/drinking
Science Books,We read this book about helium once. We couldn't put it down.,https://www.producthunt.com/topics/science-books
Couples,Communicate and share your love in private with your boo. üòò,https://www.producthunt.com/topics/couples
Apple TV,"After a long day at the office, find solitude in the vast world of TV and film on your Apple TV. Couch not included. üì∫",https://www.producthunt.com/topics/apple-tv
Standing Desks,"If the science says stand, we're going to stand üë´. From $25 to $2,500, there's a standing desk for everyone.",https://www.producthunt.com/topics/standing-desks
Emulators,Itching to run your favorite game from your childhood? But gave up your old Atari at the family garage sale? Good thing there's an emulator for that.,https://www.producthunt.com/topics/emulators
Dogs,That fuzzy 'ol pup with the tongue out is your best friend. There are lots of ways to show him your love so make sure he's got the best care to keep your canine smiling. üê∂,https://www.producthunt.com/topics/dogs
Customer Success,Name something better than a delightful customer experience. We'll wait.,https://www.producthunt.com/topics/customer-success
Pets,Your new best friend that doesn't talk back (because they're not human).,https://www.producthunt.com/topics/pets
Parenting,"Be knowledgeable and enjoy the wild ride of parenthood. If you need help, there are some great resources and apps for you and your family.",https://www.producthunt.com/topics/parenting
Browser Extensions,,https://www.producthunt.com/topics/browser-extensions
Charity & Giving,"There are so many ways to help others with a few taps on your phone. Donate your time or money to the homeless, disabled, and others in need of help.",https://www.producthunt.com/topics/charity-giving
Puzzle Games,Get your brain working overtime with mind-bending puzzles.,https://www.producthunt.com/topics/puzzle-games
Politics,"Left wing, Right wing, Green Party, Anarchist, Tea Party... the list goes on. Get political!",https://www.producthunt.com/topics/politics
Ad Blockers,"Browse the web faster and get rid of those pesky popups and obnoxious ads with ad blockers for your computer and smartphone. Don't worry, we won't tell.",https://www.producthunt.com/topics/ad-blockers
Safari Extensions,,https://www.producthunt.com/topics/safari-extensions
Kids,"Games can be fun and educational. These games will help your child learn, grow, and have a great time.",https://www.producthunt.com/topics/kids
Side Project,,https://www.producthunt.com/topics/side-project
Accessories,"There‚Äôs nothing worse than a cracked phone screen, but cases can do much more than just protect your phone. Prong powers cellphones all day long, HandL is gripless and comes with a stand, and Snoop‚Äôs Lighter case comes with -- you guessed it -- a lighter. üî•",https://www.producthunt.com/topics/accessories
Comics & Graphic Novels,"When the whole multiverse shows up in your feed. Manga, too. üòç",https://www.producthunt.com/topics/comics-graphic-novels
Batteries,Low battery anxiety is the worst of first world problems. Here are some external batteries and products to keep your devices full charged. üîã,https://www.producthunt.com/topics/batteries
Oculus Rift,"Facebook's Oculus is looking to revolutionize the way we consume media and communicate with the world, through virtual reality (VR).",https://www.producthunt.com/topics/oculus-rift
Cats,The Internet's favorite animal. MEOW! üò∏,https://www.producthunt.com/topics/cats
Adventure Games,"Like adventure but value your life? That's understandable. Fortunately, we can explore dangerous dungeons and unforgiving seas from the comfort of our home. Load up your gear and get ready for a great time.",https://www.producthunt.com/topics/adventure-games
Gear VR,Slip into the world of virtual reality whenever you want to the Samsung Gear VR.,https://www.producthunt.com/topics/gear-vr
Sneakers & Shoes,"Sneakers, stilettos, or crocks with socks? We don't judge but you can.",https://www.producthunt.com/topics/sneakers-shoes
Art Books,Promise not to judge you if you get these solely for your coffee table.,https://www.producthunt.com/topics/art-books
Star Wars,"Jedi, droids, Stormtroopers, and more. Love these products you will.",https://www.producthunt.com/topics/star-wars
Card Games,"Did you know that card games used to be played IRL with laminated paper instead of on an iPad? Crazy, right?!",https://www.producthunt.com/topics/card-games
Jewelry,"Breakfast at Tiffany's isn't a bad way to start your day, but there are many options to add flair with your attire. Find the perfect design that speaks to you or make your own piece that's unique to you.",https://www.producthunt.com/topics/jewelry
Open World Games,"With these games, you can go wherever you want, whenever you want. Time to explore.",https://www.producthunt.com/topics/open-world-games
Weather,"You could look outside to see if it's raining, or you could look at your smartphone. Predict the future and plan your day with magical, fortune-telling weather apps.",https://www.producthunt.com/topics/weather
Moving & Storage,"Whether you're moving across the world or cleaning out the junk under your staircase, there are so many services to help (and save your back).",https://www.producthunt.com/topics/moving-storage
Retro Games,"How often are you hit with a 'wave of nostalgia'? Yeah, us too. Lean into it with these:",https://www.producthunt.com/topics/retro-games
Wine,These products have notes of greatness and legs for dripping into your nightly rotation.,https://www.producthunt.com/topics/wine
Biking,"Slip on your spandex, stretch your legs, and explore these products before hopping onto your bike.",https://www.producthunt.com/topics/biking
Playstation,,https://www.producthunt.com/topics/playstation
History Books,"Learn more about the past, because the past repeats itself so you better be prepared.",https://www.producthunt.com/topics/history-books
Party,Grab your friends üëØ and your best playlist üé∂. Get loose! üéâ,https://www.producthunt.com/topics/party
Action Games,Do you want your games to feel like they were created by Michael Bay? Check out these heart-pumping titles if you're a fan of cinematic scenes and over-the-top action.,https://www.producthunt.com/topics/action-games
Football,There's nothing like tossing around the ole pigskin. What else are Sundays for? üèà,https://www.producthunt.com/topics/football
Money,,https://www.producthunt.com/topics/money
Adult Coloring Books,Coloring books aren't just for kids. Take a load off and relax with color. Just make sure to stay in the lines. üé®,https://www.producthunt.com/topics/adult-coloring-books
Sci-Fi Games,Explore unreal and unreachable worlds from space to jurassic jungles.,https://www.producthunt.com/topics/sci-fi-games
Crafting Games,It's like DIY in video games. Make your own fun.,https://www.producthunt.com/topics/crafting-games
Novels,Open your imagination and get lost in a good story.,https://www.producthunt.com/topics/novels
RPGs,You've got a new quest! Talk to makers and uncover your new favorite game.,https://www.producthunt.com/topics/rpgs
Cookbooks,"Mastered the art of French cooking already?! Try these, chef.",https://www.producthunt.com/topics/cookbooks
Growth Hacks,,https://www.producthunt.com/topics/growth-hacks
No-Code,,https://www.producthunt.com/topics/no-code
Simulation Games,"From goat to truck driving, there's a simulator for everything. Live a different life without leaving your full-time job.",https://www.producthunt.com/topics/simulation-games
ARKit,A framework to create Augmented Reality experiences for iOS,https://www.producthunt.com/topics/arkit
DJing,Turn that bass up! Get yourself a booth and some help from these:,https://www.producthunt.com/topics/djing
Fantasy Games,"Real life can get boring. Fly dragons, cast spells, and battle trolls in your pajamas.",https://www.producthunt.com/topics/fantasy-games
Alarms,"Still using the default alarm on your phone? Try something new, but warning: not all of them come with a snooze button. üò¥",https://www.producthunt.com/topics/alarms
Word Games,Ready for a challenge beyond your daily Wordle?,https://www.producthunt.com/topics/word-games
Quantified Self,Lifelogging detailed data can help make better choices,https://www.producthunt.com/topics/quantified-self
Fashion Books,Anna Wintour would be proud of your fashion savvy. Read your way to a fabulous look.,https://www.producthunt.com/topics/fashion-books
Soccer,"Some might disagree on its actual name, but we can all agree that it's fantastic! ‚öΩÔ∏è",https://www.producthunt.com/topics/soccer
Platformers,Platformers have been around for a long time in video games and for good reason. Jump around through the colorful world of Mario to the unforgiving dangers in Super Meat Boy.,https://www.producthunt.com/topics/platformers
XBox,Microsoft's console brings you awesome games like Halo and Gears of War and doubles as a killer home media device.,https://www.producthunt.com/topics/xbox
Tabletop Games,Gather your friends and play some games around a table (or floor... tabletop games also work on that platform).,https://www.producthunt.com/topics/tabletop-games
Custom Keyboards,"Keyboards are for more than just typing. Share your location, send the perfect GIF, and speak in emojis using fancy custom keyboards on your iPhone.",https://www.producthunt.com/topics/custom-keyboards
Remote Work,"Whether you're on a couch, a tropical beach, or the slopes, find some remote inspo here.",https://www.producthunt.com/topics/remote-work
Web3,"The future on blockchain. All things wagmi, ngmi, and more.",https://www.producthunt.com/topics/web3
Medical,Smart appliances and technologies revolutioning medicine and healthcare,https://www.producthunt.com/topics/medical
Funny Games,"If you lose these games, at least you had a laugh.",https://www.producthunt.com/topics/funny-games
Celebrities,We love a Hollywood meets tech crossover.,https://www.producthunt.com/topics/celebrities
Yoga Books,Find your inner zen (and get a good work out) with the techniques shared in these books.,https://www.producthunt.com/topics/yoga-books
Sports Games,"Football, Soccer, Hockey, Basketball, Baseball. Now you can play them all, without breaking a sweat.",https://www.producthunt.com/topics/sports-games
PlayStation VR,The Sony PlayStation aims to bring virtual reality (VR) to anyone with a PS4. No costly PC needed.,https://www.producthunt.com/topics/playstation-vr
Basketball,"You may not be 6' 6"" but you can still enjoy a 5 vs. 5 game of basketball (or H.O.R.S.E. with a few friends). üèÄ",https://www.producthunt.com/topics/basketball
Social Impact,We turn to these products to feel hopeful about our world. üòä,https://www.producthunt.com/topics/social-impact
Web Design,,https://www.producthunt.com/topics/web-design
Surfing,Cowabunga my dudes & dudettes! Snag a board and let's hit the water. üèÑ,https://www.producthunt.com/topics/surfing
Maker Tools,,https://www.producthunt.com/topics/maker-tools
MMOs,"Games are better with others. Connect with friends for a raid, or make new friends in far away lands.",https://www.producthunt.com/topics/mmos
Horror Games,"DO NOT go in there. Okay, do it and then tell us what happens. üôà",https://www.producthunt.com/topics/horror-games
UX Design,,https://www.producthunt.com/topics/ux-design
Nintendo,"The king of handheld gaming is still on top. Play the classics, from Mario to Pokemon, reimagined in 3D without the need for dorky glasses.",https://www.producthunt.com/topics/nintendo
Work In Progress,,https://www.producthunt.com/topics/work-in-progress
Swimming,"Grab your speedos, get your technique right, and tumble turn like a pro... or just doggy paddle.",https://www.producthunt.com/topics/swimming
Historical Games,Time to show off that great elephant memory with one of these games. üêò,https://www.producthunt.com/topics/historical-games
Driving Games,"We all love to drive fast. The police aren't big fan of it. If you want to become Ricky Bobby for an afternoon, get behind the wheel of these speedsters.",https://www.producthunt.com/topics/driving-games
Business,,https://www.producthunt.com/topics/business
Crime Books,"Turn into Sherlock Holmes, without leaving your bed. Grab a book and see if you can solve the crime before the last chapter.",https://www.producthunt.com/topics/crime-books
Skateboarding,You may not be Tony Hawk (yet!) but you can still share kickflip photos on Krak and travel to work on the electric-powered Boosted Board.,https://www.producthunt.com/topics/skateboarding
First Person Shooter,"Lock and load! It's time to jump into the action a go face to face with zombies, robots, and ninjas. Good luck.",https://www.producthunt.com/topics/first-person-shooter
Isometric Games,2D can be so limiting. Skew the view and explore these beautiful isometric titles.,https://www.producthunt.com/topics/isometric-games
Cryptocurrency,,https://www.producthunt.com/topics/cryptocurrency
Blockchain,,https://www.producthunt.com/topics/blockchain
Cannabis,"Marijuana is the new alcohol. With legalization sweeping all 50 states, a wave of startups is launching to help you enjoy it.",https://www.producthunt.com/topics/cannabis
Donald Trump,"Politician, businessman, television personality, and potentially the next President of the United States... we'll avoid talking politics here. üòÅ",https://www.producthunt.com/topics/donald-trump
Fighting Games,These ones are for all of you who woke up this morning and chose violence.,https://www.producthunt.com/topics/fighting-games
Thriller Books,Page turners that twist and turn and keep us on the edge of our seat.,https://www.producthunt.com/topics/thriller-books
Golf,"Golf may be one of the slowest sports invented but it's also one of the most challenging, where even the slightest mistake will cost you the green jacket. Now we have apps and advanced tech to help us reach Tiger-level results. ‚õ≥Ô∏è",https://www.producthunt.com/topics/golf
Audio,,https://www.producthunt.com/topics/audio
HTC Vive,"Steam's take on virtual reality (VR), focused on mobility and great gaming.",https://www.producthunt.com/topics/htc-vive
Graphics & Design,,https://www.producthunt.com/topics/graphics-design
Horror Books,Flip on the nightlight and curl up with a frightening novel.,https://www.producthunt.com/topics/horror-books
Development,,https://www.producthunt.com/topics/development
Finance,,https://www.producthunt.com/topics/finance
Social media marketing,,https://www.producthunt.com/topics/social-media-marketing
Tennis,"You might need to work on your backswing, but everyone loves tennis! üéæ",https://www.producthunt.com/topics/tennis
Tower Defense Games,The enemy's approaching. Set up your barriers and make sure no one gets in.,https://www.producthunt.com/topics/tower-defense-games
Zombie Games,Will you survive the zombie apocalypse? Here are a few ways to find out.,https://www.producthunt.com/topics/zombie-games
Kanye West,"Ye, Yeezy, Yeezus, Pablo... I'mma let you finish but these are some of the best products of all time.",https://www.producthunt.com/topics/kanye-west
Blockstack,Decentralized apps built on Blockstack,https://www.producthunt.com/topics/blockstack
Boxing,"Throw on iPunch smart gloves and work on that right hook, or start slow with a mobile game like Real Boxing 2 CREED. Float like a butterfly and sting like a bee. üëä",https://www.producthunt.com/topics/boxing
Data & Analytics,,https://www.producthunt.com/topics/data-analytics
DJ Khaled,"""Anotha one,"" raise your hand if you already know who we're talking about.",https://www.producthunt.com/topics/dj-khaled
Baseball,"Grab your peanuts and crackerjacks, it‚Äôs time to dive into one of the world's most popular (and nostalgic) sports. ‚öæÔ∏è",https://www.producthunt.com/topics/baseball
Drake,It was God's Plan for you to stumble across these Way 2 Sexy products. üòâ,https://www.producthunt.com/topics/drake
Health,,https://www.producthunt.com/topics/health
Wii U,"Relive your childhood with Mario, Zelda, and Pokemon on Nintendo's motion-sensing console.",https://www.producthunt.com/topics/wii-u
Vita,Sony's second handheld brings console quality games straight to your fingertips. Play Vita exclusives or even stream games directly from your PS4.,https://www.producthunt.com/topics/vita
Diversity & Inclusion,We grow faster when everyone's voice is heard. These products can help along the way.,https://www.producthunt.com/topics/diversity-inclusion
FemTech,"Let's focus on women; fertility solutions, period-tracking app, pregnancy and nursing care, women's sexual wellness, reproductive system health care and more.",https://www.producthunt.com/topics/femtech
Data Science,,https://www.producthunt.com/topics/data-science
Marketing automation,,https://www.producthunt.com/topics/marketing-automation
Design,,https://www.producthunt.com/topics/design
Graphic Design,,https://www.producthunt.com/topics/graphic-design
Data Visualization,,https://www.producthunt.com/topics/data-visualization
Personal Finance,,https://www.producthunt.com/topics/personal-finance
Food & Drink,,https://www.producthunt.com/topics/food-drink
Online Learning,,https://www.producthunt.com/topics/online-learning
Tech news,,https://www.producthunt.com/topics/tech-news
Affiliate marketing,,https://www.producthunt.com/topics/affiliate-marketing
Business Intelligence,,https://www.producthunt.com/topics/business-intelligence
Digital Art,,https://www.producthunt.com/topics/digital-art
Photo & Video,,https://www.producthunt.com/topics/photo-video
Computers,,https://www.producthunt.com/topics/computers
Animation,,https://www.producthunt.com/topics/animation
Influencer marketing,,https://www.producthunt.com/topics/influencer-marketing
Community,,https://www.producthunt.com/topics/community
Security,,https://www.producthunt.com/topics/security
Beauty & Fashion,,https://www.producthunt.com/topics/beauty-fashion
Entertainment,,https://www.producthunt.com/topics/entertainment
Design resources,,https://www.producthunt.com/topics/design-resources
Bitcoin,,https://www.producthunt.com/topics/bitcoin
Data,,https://www.producthunt.com/topics/data
Lifestyle,,https://www.producthunt.com/topics/lifestyle
Human Resources,,https://www.producthunt.com/topics/human-resources
Database,,https://www.producthunt.com/topics/database
Illustration,,https://www.producthunt.com/topics/illustration
NFT,Everything from digital art to utilities built for web3.,https://www.producthunt.com/topics/nft
Social Networking,,https://www.producthunt.com/topics/social-networking
Development Language,,https://www.producthunt.com/topics/development-language
Photo editing,,https://www.producthunt.com/topics/photo-editing
Design templates,,https://www.producthunt.com/topics/design-templates
Video,,https://www.producthunt.com/topics/video
Logo Design,,https://www.producthunt.com/topics/logo-design
Shopping,,https://www.producthunt.com/topics/shopping
Science,,https://www.producthunt.com/topics/science
DeFi,,https://www.producthunt.com/topics/defi
3D Modeling,,https://www.producthunt.com/topics/3d-modeling
Business Travel,When you need to get on the road (or air) for work. These products have got your ticket.,https://www.producthunt.com/topics/business-travel
Hacking,,https://www.producthunt.com/topics/hacking
Consulting,,https://www.producthunt.com/topics/consulting
Health news,,https://www.producthunt.com/topics/health-news
Ethereum,,https://www.producthunt.com/topics/ethereum
Coding Books,,https://www.producthunt.com/topics/coding-books
DAO,Decentralized autonomous organizations are rallying people to self-organize and accomplish their goals in a more open way,https://www.producthunt.com/topics/dao
CRM,,https://www.producthunt.com/topics/crm
Clothing,,https://www.producthunt.com/topics/clothing
Fundraising,,https://www.producthunt.com/topics/fundraising
Electronic Music,,https://www.producthunt.com/topics/electronic-music
Career,,https://www.producthunt.com/topics/career
Monetization,,https://www.producthunt.com/topics/monetization
Accounting,,https://www.producthunt.com/topics/accounting
Home improvement,,https://www.producthunt.com/topics/home-improvement
Drawing,,https://www.producthunt.com/topics/drawing
Banking,,https://www.producthunt.com/topics/banking
Construction,,https://www.producthunt.com/topics/construction
Home services,,https://www.producthunt.com/topics/home-services
Nature & Outdoors,,https://www.producthunt.com/topics/nature-outdoors
Marketing attribution,,https://www.producthunt.com/topics/marketing-attribution
Fitness,,https://www.producthunt.com/topics/fitness
Event marketing,,https://www.producthunt.com/topics/event-marketing
Food Delivery,,https://www.producthunt.com/topics/food-delivery
Operations,,https://www.producthunt.com/topics/operations
Spirituality,,https://www.producthunt.com/topics/spirituality
Interior design,,https://www.producthunt.com/topics/interior-design
Notion,Endless possibilities for operating work and life with these products built with and for Notion.,https://www.producthunt.com/topics/notion
Business Books,,https://www.producthunt.com/topics/business-books
DIY,,https://www.producthunt.com/topics/diy
Home office,,https://www.producthunt.com/topics/home-office
Change Management,,https://www.producthunt.com/topics/change-management
Electric Cars,The future is electric. Transportation is changing and electric cars are helping create cleaner mobility options for people around the world.,https://www.producthunt.com/topics/electric-cars
Live Music,,https://www.producthunt.com/topics/live-music
Graphics,,https://www.producthunt.com/topics/graphics
Nutrition,,https://www.producthunt.com/topics/nutrition
Furniture,,https://www.producthunt.com/topics/furniture
Video Art,,https://www.producthunt.com/topics/video-art
DApp,"Decentralized apps are the peer-to-peer cousins of the applications we use today. When you don't want your data locked up with a single company, check out these blockchain-based alternatives to give you ownership over your information.",https://www.producthunt.com/topics/dapp
Painting,,https://www.producthunt.com/topics/painting
Live Events,,https://www.producthunt.com/topics/live-events
Kids & Parenting,,https://www.producthunt.com/topics/kids-parenting
Crafting,,https://www.producthunt.com/topics/crafting
Comedy,,https://www.producthunt.com/topics/comedy
Mixed Reality,,https://www.producthunt.com/topics/mixed-reality
Classical Music,,https://www.producthunt.com/topics/classical-music
Password manager,,https://www.producthunt.com/topics/password-manager
Hotels,"When you need a change of scenery, take a trip and order in some room service with these products.",https://www.producthunt.com/topics/hotels
Cell Phone,,https://www.producthunt.com/topics/cell-phone
Family,,https://www.producthunt.com/topics/family
Video cameras,,https://www.producthunt.com/topics/video-cameras
Wireframing,,https://www.producthunt.com/topics/wireframing
Budgeting,,https://www.producthunt.com/topics/budgeting
Encryption,,https://www.producthunt.com/topics/encryption
Marketing calendar,,https://www.producthunt.com/topics/marketing-calendar
Printing,,https://www.producthunt.com/topics/printing
LGBTQ+,,https://www.producthunt.com/topics/lgbtq
Cosmetics,,https://www.producthunt.com/topics/cosmetics
Chat rooms,,https://www.producthunt.com/topics/chat-rooms
Extended Reality,,https://www.producthunt.com/topics/extended-reality
Memes,,https://www.producthunt.com/topics/memes
Statistical Analysis,,https://www.producthunt.com/topics/statistical-analysis
Credit card,,https://www.producthunt.com/topics/credit-card
Aquarium,,https://www.producthunt.com/topics/aquarium
Farming,,https://www.producthunt.com/topics/farming
School,,https://www.producthunt.com/topics/school
Plants,,https://www.producthunt.com/topics/plants
Political news,,https://www.producthunt.com/topics/political-news
Nature,,https://www.producthunt.com/topics/nature
Hiking,,https://www.producthunt.com/topics/hiking
Radio,,https://www.producthunt.com/topics/radio
VPN,,https://www.producthunt.com/topics/vpn
Home security,,https://www.producthunt.com/topics/home-security
Coloring,,https://www.producthunt.com/topics/coloring
Calligraphy,,https://www.producthunt.com/topics/calligraphy
Physics,,https://www.producthunt.com/topics/physics
Toys,,https://www.producthunt.com/topics/toys
Local news,,https://www.producthunt.com/topics/local-news
Hip-Hop,,https://www.producthunt.com/topics/hip-hop
Ticketing,,https://www.producthunt.com/topics/ticketing
Motorcycles,"Motorcycles offer simplicity when it comes to travel on the open road, but these products can help make that trip more enjoyable or even keep you safe.",https://www.producthunt.com/topics/motorcycles
Personal shopper,,https://www.producthunt.com/topics/personal-shopper
Survival,,https://www.producthunt.com/topics/survival
Camping,,https://www.producthunt.com/topics/camping
Pop culture,,https://www.producthunt.com/topics/pop-culture
Babies,,https://www.producthunt.com/topics/babies
Concerts,,https://www.producthunt.com/topics/concerts
Weightlifiting,,https://www.producthunt.com/topics/weightlifiting
Running,,https://www.producthunt.com/topics/running
Streetwear,,https://www.producthunt.com/topics/streetwear
Tablet,,https://www.producthunt.com/topics/tablet
Modeling,,https://www.producthunt.com/topics/modeling
SDK,,https://www.producthunt.com/topics/sdk
Webcam,,https://www.producthunt.com/topics/webcam
Dieting,,https://www.producthunt.com/topics/dieting
Sporting Events,,https://www.producthunt.com/topics/sporting-events
Alcohol,,https://www.producthunt.com/topics/alcohol
Appliances,,https://www.producthunt.com/topics/appliances
Textbooks,,https://www.producthunt.com/topics/textbooks
Climbing,"When gravity cannot hold you down, check out these products for helping you through the crux.",https://www.producthunt.com/topics/climbing
GPS,,https://www.producthunt.com/topics/gps
Edge Extensions,Super charge your Edge browser with extensions that customize your web experience ‚ö°Ô∏è,https://www.producthunt.com/topics/edge-extensions
Neighborhood,,https://www.producthunt.com/topics/neighborhood
Tuning,,https://www.producthunt.com/topics/tuning
College Sports,,https://www.producthunt.com/topics/college-sports
Sensors,,https://www.producthunt.com/topics/sensors
Toddlers,,https://www.producthunt.com/topics/toddlers
Theater,,https://www.producthunt.com/topics/theater
Dining,,https://www.producthunt.com/topics/dining
Rock,,https://www.producthunt.com/topics/rock
Concert,,https://www.producthunt.com/topics/concert
Home theater,,https://www.producthunt.com/topics/home-theater
Military,,https://www.producthunt.com/topics/military
DSLRs,,https://www.producthunt.com/topics/dslrs
Racing,Products for when you live life a quarter-mile at a time.,https://www.producthunt.com/topics/racing
Pregnancy,,https://www.producthunt.com/topics/pregnancy
