Topics,Topics Link,Topics Description
Productivity,https://www.producthunt.com/topics/productivity,"If time is most precious, this collection of lifehacks is so so precious. Be more productive and optimize your life."
Tech,https://www.producthunt.com/topics/tech,"Hardware or software. Invention or innovation. If someone‚Äôs pushing technology forward, you‚Äôll find it here."
Developer Tools,https://www.producthunt.com/topics/developer-tools,Software to help you write software.
Artificial Intelligence,https://www.producthunt.com/topics/artificial-intelligence,"NLP, ML, computer vision... AI is all up in your tools and it's not as SciFi as you think."
Marketing,https://www.producthunt.com/topics/marketing,"Having a killer product is essential, but it's not that useful if no one knows about it. These products will help you spread the word about your new startup or project."
User Experience,https://www.producthunt.com/topics/user-experience,"Is your product easy for people to understand and use? If you're unsure, here are some tools to find out."
Design Tools,https://www.producthunt.com/topics/design-tools,"Design is more than just pretty pixels (no offense, pretty pixels). It's about user experience (UX), graphic design, and so much more, often aided by tools like Photoshop, Sketch, Illustrator, Figma, and other useful tools. üé®"
Internet of Things,https://www.producthunt.com/topics/internet-of-things,"Connect everything to the internet, from your home lighting to connected espressos. Thank you for making coffee, Jarvis."
Wearables,https://www.producthunt.com/topics/wearables,"From dog collars to wrist watches, there's wearable technology for everything. It's now easier than ever to measure the progress of your New Years resolutions (or lack thereof). üòÅ"
Home,https://www.producthunt.com/topics/home,"Live in the future with the latest in connected devices, furniture built for comfort, and robots. Yes, robots."
Analytics,https://www.producthunt.com/topics/analytics,Data doesn't lie. Neither do we when we say these products will help.
Photography,https://www.producthunt.com/topics/photography,"Whether you're Instagram famous or simply a photography enthusiast, there are so many apps and products to make that selfie or time-lapse sunrise even more beautiful. üì∑"
Growth Hacking,https://www.producthunt.com/topics/growth-hacking,"We're all looking for the hockey stick. Here are a few things that might help, but first follow this topic NOW. #growthhacking"
Books,https://www.producthunt.com/topics/books,There‚Äôs just nothing like a good book. Expand your knowledge or just kick back with a great adventure.
Web App,https://www.producthunt.com/topics/web-app,You know that place with all those cat pics and GIFs? It also has some other neat stuff.
Bots,https://www.producthunt.com/topics/bots,"There‚Äôs a bot for just about everything, from restaurant recommendations to cat GIFs. ‚ÄãBleep bloop beep"
iOS,https://www.producthunt.com/topics/ios,"The beloved ""phone"" that changed the way we communicate, play games, and snap photos. üì±"
Mac,https://www.producthunt.com/topics/mac,"The legendary foundations of Apple Computers. They're easy to use and easy to love. Go ahead, hop on the üçé bandwagon."
API,https://www.producthunt.com/topics/api-1,"These are like user interfaces made for software, instead of humans."
Games,https://www.producthunt.com/topics/games,Find something new and exciting to play at home or on the go. Work can wait. Have some fun.
Social Media,https://www.producthunt.com/topics/social-media,"#GrowthHack your Twitter following and become a social media ninja with these tools. But first, follow us at @ProductHunt. #teamfollowback"
Task Management,https://www.producthunt.com/topics/task-management,"Managing your time is hard without a plan. Make a list, check it twice, see which tasks are easy and nice. ‚úîÔ∏é"
Health & Fitness,https://www.producthunt.com/topics/health-fitness,"Losing weight? Gaining weight? There are so many resources available, from calorie counting apps to personal coaches in your pocket. üí™"
Slack,https://www.producthunt.com/topics/slack,"Real-time chat with everyone. Use it with your team, family, and friends."
Education,https://www.producthunt.com/topics/education,"Learn, do, teach. Always be learning!"
Prototyping,https://www.producthunt.com/topics/prototyping,"Bring your idea to life super fast with quick and dirty wireframes, mockups, and functional prototypes. Don't worry if it's not perfect."
Product Hunt,https://www.producthunt.com/topics/product-hunt,"The place to discover your next favorite thing. Hunt products, search for inspiration, or build along with us. Our community has already created a ton of great sites, extensions and apps with our API."
Open Source,https://www.producthunt.com/topics/open-source,Sharing is caring. Build great things together.
Writing,https://www.producthunt.com/topics/writing,Shakespeare didn't use fancy apps but we're not all Shakespeare. Here are a few things to help you write more good.
Android,https://www.producthunt.com/topics/android,"One of the fastest growing platforms of all time, the little green bot lives in your pocket and does just about anything."
Messaging,https://www.producthunt.com/topics/messaging,Plain text can be so boring. Find a new way to spice up your communication.
Chrome Extensions,https://www.producthunt.com/topics/chrome-extensions,Level up your Chrome with super browser extensions. Happy surfing. üèÑ
Music,https://www.producthunt.com/topics/music,Skip or repeat? Is your new favorite tunage here?
Social Network,https://www.producthunt.com/topics/social-network,Connect and stay in touch with everyone you've ever met. Digitally.
Venture Capital,https://www.producthunt.com/topics/venture-capital,Let us know how we can be helpful. üôÉ
Touch Bar Apps,https://www.producthunt.com/topics/touch-bar-apps,Apps built for Apple's new Touch Bar üëá
Virtual Reality,https://www.producthunt.com/topics/virtual-reality,Time to put on your VR headset. We'll see you in the metaverse.
Augmented Reality,https://www.producthunt.com/topics/augmented-reality,"Transforming the world, AR has the potential to change our lives."
Streaming Services,https://www.producthunt.com/topics/streaming-services,"There are all sorts of apps to ""Netflix and chill"" (in the literal sense) and improve your TV/movie streaming experience."
Fintech,https://www.producthunt.com/topics/fintech,"Who's going to be the next Stripe, Coinbase, or Revolut?"
GitHub,https://www.producthunt.com/topics/github,Software to help you write software.
Travel,https://www.producthunt.com/topics/travel,"So many places to see. From the beaches, to the mountains, explore the world and satisfy your inner wunderlust"
E-Commerce,https://www.producthunt.com/topics/e-commerce,"Now you never have to leave the comfort of your home. Discover and purchase whatever you want, whenever you want."
Branding,https://www.producthunt.com/topics/branding,Know who you are and make sure everyone else does to.
News,https://www.producthunt.com/topics/news,Stay in the know. Keep up to date. See what's going on in the world.
Email,https://www.producthunt.com/topics/email,"Love it or hate it, electronic mail is a huge part of your life but fortunately there are so many apps and extensions to make it more managable. PSA: Please don't ""Reply All"" to everything. üòÅ"
Crypto,https://www.producthunt.com/topics/crypto,"Bitcoin, Litecoin, Dogecoin. Cryptocurrency has the capability to change the way we transact and so much more."
Software Engineering,https://www.producthunt.com/topics/software-engineering,Software to help you write software.
SEO,https://www.producthunt.com/topics/seo,"The first page of a Google search is so important, because, let‚Äôs face it, who actually makes it to page 2? Improve your visibility, increase your ranking and get more visitors by implementing some of these tips, tricks and tools."
Calendar,https://www.producthunt.com/topics/calendar,Calendar ping pong is an awful game. These apps and services can help you manage your schedule and save you a ton of time.
SaaS,https://www.producthunt.com/topics/saas,Software is eating the world. We've gathered the culprits here.
Global Nomad,https://www.producthunt.com/topics/global-nomad,"Not all who wander are lost. Some travel with their home on their back, living and working in cities across the globe. üåç Now there are sites to help nomads meet each other, book a place to stay, and most importantly, find free WiFi."
Email Marketing,https://www.producthunt.com/topics/email-marketing,Email is still one of the stickiest channels to communicate with your users. Email better with some of these marketing tools.
LinkedIn,https://www.producthunt.com/topics/linkedin,The most professional network of them all is more than just the website. Here's a variety of apps and hacks built on top of the platform.
Freelance,https://www.producthunt.com/topics/freelance,"We see you, freelancer. Your mission is a grind but helpful tools and community are here."
Coffee,https://www.producthunt.com/topics/coffee,The kind of java that's not object-oriented. ‚òïÔ∏è
Advertising,https://www.producthunt.com/topics/advertising,We get to use so many free services thanks to advertising. Get the most out of your ad budget and earn revenue with some of these tools.
GIFs,https://www.producthunt.com/topics/gifs,No peanut butter here. Only GIFs. üòâ
Crowdfunding,https://www.producthunt.com/topics/crowdfunding,Every bit helps. And so do these crowdfund tools when you're looking for üí∞.
Investing,https://www.producthunt.com/topics/investing,"These might just get you ""TO THE MOOOOON"" üöÄ"
Twitter,https://www.producthunt.com/topics/twitter,Share your thoughts with the world in 140 characters... unless you're using OneShot. Tweet like a pro and explore the vast universe of Twitter apps.
Spotify,https://www.producthunt.com/topics/spotify,What's your favorite way to stream the best music? Set the mood with a perfect playlist or start the party bumpin with the illest bangers. üé∂
iMessage Apps,https://www.producthunt.com/topics/imessage-apps,"New in iOS 10, apps are integrated with messaging on your iPhone to easily create and share content, add stickers, make payments, and more, without leaving the conversation."
Drones,https://www.producthunt.com/topics/drones,"It‚Äôs a bird! It‚Äôs a plane! Nope, it's a drone. Unmanned aerial vehicles are growing in popularity, from the DGI Phantom to the autonomous Lily drone. Even Amazon may deliver T.P. from the sky soon."
Instagram,https://www.producthunt.com/topics/instagram,"Did you know you can schedule your Instagram posts, turn your best photos into edible marshmallows, and get detailed analytics for all your pics? There are apps for that. üì∑"
Startup Books,https://www.producthunt.com/topics/startup-books,Some founders and startuppy folks thought you could learn from these books.
Design Books,https://www.producthunt.com/topics/design-books,"Becoming the next Jony Ive is hard, but these are a good place to start."
WordPress,https://www.producthunt.com/topics/wordpress,The content management system you probably use everyday without even knowing it. WordPress powers 25% of the entire internet. That's a lot of internet.
Snapchat,https://www.producthunt.com/topics/snapchat,"The hottest ""new"" ephemeral social network used for more than just selfies. Follow ProductHuntTeam. üëª"
A/B Testing,https://www.producthunt.com/topics/a-b-testing,There's no innovation without experimentation. Let your audience decide what works best with these tools.
Sketch,https://www.producthunt.com/topics/sketch,An alernative to Photoshop and Illustrator often used to design today's most popular apps and sites.
Typography,https://www.producthunt.com/topics/typography,Good day to everyone except those who default to Comic Sans.
Medium,https://www.producthunt.com/topics/medium,"All things Medium. Tools that make your writing experience better, plug into the Medium API, and more!"
Sales,https://www.producthunt.com/topics/sales,A great product isn't much without sales. Improve your conversation and get to the close with some of these useful tools.
Search,https://www.producthunt.com/topics/search,"From search, email, and video to A.I., self-driving cars, and VR, Google does it all. Don't miss the latest products, projects, and resources from Google teams around the üåè."
Art,https://www.producthunt.com/topics/art,There are a million ways to create art and there are many tools to help get those creative juices flowing. Express yourself!
Amazon,https://www.producthunt.com/topics/amazon,"The ""bookstore"" that sells T.P. and anything you're looking for."
Text Editors,https://www.producthunt.com/topics/text-editors,"When Post-Its don't cut it anymore, use these to edit everything you write down."
YouTube,https://www.producthunt.com/topics/youtube,The place to watch cats (and everything else on the internet)üìΩ. Here are some apps and sites to YouTube better.
Virtual Assistants,https://www.producthunt.com/topics/virtual-assistants,We could all use a personal assistant. Offload your to-do list and save time with these helpful services.
reddit,https://www.producthunt.com/topics/reddit,The front page of the Internet
Hiring,https://www.producthunt.com/topics/hiring,"Before #squadgoals there must be hiring. Go forth and godspeed, hiring manager."
Biohacking,https://www.producthunt.com/topics/biohacking,Biotechnology is a fascinating field where scientists and innovators manipulate living systems to improve the way we function.
Movies,https://www.producthunt.com/topics/movies,Long live cinema! Find your next go-to flick with these products.
Apple,https://www.producthunt.com/topics/apple,"Every new iDevice, app, and computer from the biggest üçé  in the world."
Photoshop,https://www.producthunt.com/topics/photoshop,"Tools for the people who name their layers. Fine ‚Äî and the ones who don't, too"
Languages,https://www.producthunt.com/topics/languages,"Komm herein! Entrare! I√ßeri girmek! Intra! That's ""come in"" if you're not a ployglot yet."
Maps,https://www.producthunt.com/topics/maps,There's a map for that üåé
Fashion,https://www.producthunt.com/topics/fashion,You've got the front seat at this catwalk. What's going in the bag?
Payments,https://www.producthunt.com/topics/payments,Pay up! Exchange money using more than just those ancient papers and hunks of metal.
Windows,https://www.producthunt.com/topics/windows,"The Personal Computer changed the way we live and work, created by the legendary Bill Gates with the vision to put a ""computer on every desk""."
Menu Bar Apps,https://www.producthunt.com/topics/menu-bar-apps,Tiny little apps that do magical things and live in your OS X menu bar. Collect 'em all!
Meditation,https://www.producthunt.com/topics/meditation,"Technology can raise our blood pressure but it can also help cure everyday anxiousness. Take a break, clear your mind, relieve the stress. There's an app for that."
Climate Tech,https://www.producthunt.com/topics/climate-tech,Making the world a cleaner place
Time Tracking,https://www.producthunt.com/topics/time-tracking,Time is always escaping us. Track what you're doing so you can be more efficient with life's most precious resource.
Newsletters,https://www.producthunt.com/topics/newsletters,"Email is far from dead. In fact, it's home to some of the best content on the Internet, like the Product Hunt daily digest. üòÅ"
Video Streaming,https://www.producthunt.com/topics/video-streaming,Still watching? Obviously. Take a break to scroll through the latest in streaming.
Funny,https://www.producthunt.com/topics/funny,"Knock knock. Who's there? Bad Jokes, cat puns and more. Get ready to LOL right meow."
Customer Communication,https://www.producthunt.com/topics/customer-communication,"The customer is always right, right? From customer support tools to handwritten card services, there are so many ways to make your users smile. üòä"
Emoji,https://www.producthunt.com/topics/emoji,Be more expressive with your communication. üòÅüòÆüòú
Hardware,https://www.producthunt.com/topics/hardware,Software may be eating the world but it's nothing without hardware.
Facebook Messenger,https://www.producthunt.com/topics/facebook-messenger,
Privacy,https://www.producthunt.com/topics/privacy,You don't have to wear a tinfoil hat to hide from the NSA. There are apps for that.
Robots,https://www.producthunt.com/topics/robots,"Sure, they might one day take over the world, but for now robots are pretty cool! Let's enjoy them while we can."
Spreadsheets,https://www.producthunt.com/topics/spreadsheets,Giant tables of information for your organizational pleasure. Put numbers in them. Put words in them. Put GIFs in them! It's up to you.
Sports,https://www.producthunt.com/topics/sports,"Whether they involve kicking, throwing, or catching, we all we all love sports. ‚öΩÔ∏è üèà üèÄ"
Wi-Fi,https://www.producthunt.com/topics/wi-fi,A necessity these days. There are a bunch of helpful products that can help to keep you connected 24/7. (P.S. Does not play well with airplanes‚Ä¶yet)
Icons,https://www.producthunt.com/topics/icons,Not Cher. The other kind of icon ‚Äî and lots of them.
3D Printer,https://www.producthunt.com/topics/3d-printer,"Magically go from digital renditions to touchable prototypes. 3D printing lets you think, create and build multidimension things, from jewelry to toys to selfies (yes, really)."
Pokemon,https://www.producthunt.com/topics/pokemon,Gotta catch 'em all. Gotta upvote your favorites.
Space,https://www.producthunt.com/topics/space,Explore new galaxies from the comfort of a VR headset or liftoff into space through a sci-fi book. Pro tip: the answer is 42. ‚ú®
Alexa Skills,https://www.producthunt.com/topics/alexa-skills,"üó£ Alexa, what awesome things can you do?"
Cooking,https://www.producthunt.com/topics/cooking,Turn raw ingredients into delicious meals for your family and friends. It's like magic.
Public Relations,https://www.producthunt.com/topics/public-relations,"Getting your story to the right people can be hard, but with tools like PR in a Box and PR Stack, it's getting easier."
Free Games,https://www.producthunt.com/topics/free-games,"We all love games, but we don't always have the money for them. These games will give you a ton of fun without stressing your budget."
Outdoors,https://www.producthunt.com/topics/outdoors,
Notes,https://www.producthunt.com/topics/notes,Still using post-its for all those important to-do's? Try these tools instead.
iPad,https://www.producthunt.com/topics/ipad,"A slab of Apple computing genius, now in multiple tablet sizes: Mini, Air, and Pro."
Home Automation,https://www.producthunt.com/topics/home-automation,Ok Google! What are some of the awesome things you can do?
On-Demand,https://www.producthunt.com/topics/on-demand,"Get what you want, when you want it, with a few taps. Don't lift a finger... Ok, maybe just one finger."
Linux,https://www.producthunt.com/topics/linux,"For those who love to customize their OS to their own likings. Fedora, Red Hat, Ubuntu. You'll have your pick."
Vacation,https://www.producthunt.com/topics/vacation,Travel the world and experience a place like you live there.
Storage,https://www.producthunt.com/topics/storage,Store and have access to all of your files whenever and wherever you are.
Beauty,https://www.producthunt.com/topics/beauty,"Gorgeous, gorgeous people share their favorite beauty products here."
Delivery,https://www.producthunt.com/topics/delivery,"Until we have teleportation, this is your best bet for getting anything from point A to point B üì¶"
Indie Games,https://www.producthunt.com/topics/indie-games,So much passion and love goes into independent games. It's remarkable what can be made with a small budget and just a few people.
Wallpaper,https://www.producthunt.com/topics/wallpaper,Beautify and decorate all your screens with everything and anything from sunsets over mountains to artsy photos of pebbles
Anonymous,https://www.producthunt.com/topics/anonymous,Who are you? Who are you talking about? Does he know who she is? üëª I don't know either.
Meetings,https://www.producthunt.com/topics/meetings,"Welcome to adulthood, where meetings are unavoidable. Just make sure you're using the right tools to schedule and run productive meetings."
Events,https://www.producthunt.com/topics/events,"Planning a wedding, party, or brunch with friends? These tools will help."
Ridesharing,https://www.producthunt.com/topics/ridesharing,"Get from A to B, the smartest way. Your private driver, on-demand."
Backpacks,https://www.producthunt.com/topics/backpacks,"Causing bad posture since kindergarten, backpacks can be a pain. But they're also quite useful, whether you're rocking a stylish P.MAI bag or playful (non-ephemeral) Snapchat ghost backpack."
Apple Watch,https://www.producthunt.com/topics/apple-watch,"When you don't have enough notifications on your Phone to distract you, get them on your wrist. Apple's sexy wearable might change your life."
TV,https://www.producthunt.com/topics/tv,Cord-cutters have so many options today. Binge watch the latest Netflix original series or fall into the endless series of cat videos on YouTube. The biggest challenge is deciding what to watch. These apps and sites can help. üì∫
Startup Lessons,https://www.producthunt.com/topics/startup-lessons,"Launch your MVP, talk to your customers, that kind of thing."
Strategy Games,https://www.producthunt.com/topics/strategy-games,"Some of us like to turn off our brain and mash buttons. Others prefer an intellectual challenge, methodically plan each and every move. Challenge your brain with these games."
Legal,https://www.producthunt.com/topics/legal,They stated their case. Now you be the judge of these legal apps and services.
SoundCloud,https://www.producthunt.com/topics/soundcloud,"Explore the largest community of artists, bands, podcasters and music creators, and all the apps built on top of this amazing platform for sound."
Cars,https://www.producthunt.com/topics/cars,"Vroom vroom, beep beep! Turn your Sonata into a smart car with Automatic, drive safer with Navdy, or have a new whip delivered to you with Skurt. üöóüí®"
PC,https://www.producthunt.com/topics/pc,
Transportation,https://www.producthunt.com/topics/transportation,"Unfortunately, we still can't teleport but at least there are apps that can help us find the most efficient route and take us there."
Dating,https://www.producthunt.com/topics/dating,"Find your soulmate (or maybe just a new friend) in a few swipes, taps, and emojis exchanges. üòΩ"
eBook Reader,https://www.producthunt.com/topics/ebook-reader,"Collect and read books that won't gather dust on the handy, portable Amazon Kindle."
Telegram,https://www.producthunt.com/topics/telegram,"The free, multiplatform messaging app used by over 100 million people every month is home for bots for every use case. Here are some of the best integrations."
Board Games,https://www.producthunt.com/topics/board-games,Nothing more heart-warming than getting your peeps together and arguing over a game of [fill in the blank].
Website Builder,https://www.producthunt.com/topics/website-builder,Build and design your own beautiful website without a line of code.
Drinking,https://www.producthunt.com/topics/drinking,Cheers to new drinks and new ways to enjoy them! üçª
Science Books,https://www.producthunt.com/topics/science-books,We read this book about helium once. We couldn't put it down.
Couples,https://www.producthunt.com/topics/couples,Communicate and share your love in private with your boo. üòò
Apple TV,https://www.producthunt.com/topics/apple-tv,"After a long day at the office, find solitude in the vast world of TV and film on your Apple TV. Couch not included. üì∫"
Standing Desks,https://www.producthunt.com/topics/standing-desks,"If the science says stand, we're going to stand üë´. From $25 to $2,500, there's a standing desk for everyone."
Emulators,https://www.producthunt.com/topics/emulators,Itching to run your favorite game from your childhood? But gave up your old Atari at the family garage sale? Good thing there's an emulator for that.
Dogs,https://www.producthunt.com/topics/dogs,That fuzzy 'ol pup with the tongue out is your best friend. There are lots of ways to show him your love so make sure he's got the best care to keep your canine smiling. üê∂
Customer Success,https://www.producthunt.com/topics/customer-success,Name something better than a delightful customer experience. We'll wait.
Pets,https://www.producthunt.com/topics/pets,Your new best friend that doesn't talk back (because they're not human).
Parenting,https://www.producthunt.com/topics/parenting,"Be knowledgeable and enjoy the wild ride of parenthood. If you need help, there are some great resources and apps for you and your family."
Browser Extensions,https://www.producthunt.com/topics/browser-extensions,
Charity & Giving,https://www.producthunt.com/topics/charity-giving,"There are so many ways to help others with a few taps on your phone. Donate your time or money to the homeless, disabled, and others in need of help."
Puzzle Games,https://www.producthunt.com/topics/puzzle-games,Get your brain working overtime with mind-bending puzzles.
Politics,https://www.producthunt.com/topics/politics,"Left wing, Right wing, Green Party, Anarchist, Tea Party... the list goes on. Get political!"
Ad Blockers,https://www.producthunt.com/topics/ad-blockers,"Browse the web faster and get rid of those pesky popups and obnoxious ads with ad blockers for your computer and smartphone. Don't worry, we won't tell."
Safari Extensions,https://www.producthunt.com/topics/safari-extensions,
Kids,https://www.producthunt.com/topics/kids,"Games can be fun and educational. These games will help your child learn, grow, and have a great time."
Side Project,https://www.producthunt.com/topics/side-project,
Accessories,https://www.producthunt.com/topics/accessories,"There‚Äôs nothing worse than a cracked phone screen, but cases can do much more than just protect your phone. Prong powers cellphones all day long, HandL is gripless and comes with a stand, and Snoop‚Äôs Lighter case comes with -- you guessed it -- a lighter. üî•"
Comics & Graphic Novels,https://www.producthunt.com/topics/comics-graphic-novels,"When the whole multiverse shows up in your feed. Manga, too. üòç"
Batteries,https://www.producthunt.com/topics/batteries,Low battery anxiety is the worst of first world problems. Here are some external batteries and products to keep your devices full charged. üîã
Oculus Rift,https://www.producthunt.com/topics/oculus-rift,"Facebook's Oculus is looking to revolutionize the way we consume media and communicate with the world, through virtual reality (VR)."
Cats,https://www.producthunt.com/topics/cats,The Internet's favorite animal. MEOW! üò∏
Adventure Games,https://www.producthunt.com/topics/adventure-games,"Like adventure but value your life? That's understandable. Fortunately, we can explore dangerous dungeons and unforgiving seas from the comfort of our home. Load up your gear and get ready for a great time."
Gear VR,https://www.producthunt.com/topics/gear-vr,Slip into the world of virtual reality whenever you want to the Samsung Gear VR.
Sneakers & Shoes,https://www.producthunt.com/topics/sneakers-shoes,"Sneakers, stilettos, or crocks with socks? We don't judge but you can."
Art Books,https://www.producthunt.com/topics/art-books,Promise not to judge you if you get these solely for your coffee table.
Star Wars,https://www.producthunt.com/topics/star-wars,"Jedi, droids, Stormtroopers, and more. Love these products you will."
Card Games,https://www.producthunt.com/topics/card-games,"Did you know that card games used to be played IRL with laminated paper instead of on an iPad? Crazy, right?!"
Jewelry,https://www.producthunt.com/topics/jewelry,"Breakfast at Tiffany's isn't a bad way to start your day, but there are many options to add flair with your attire. Find the perfect design that speaks to you or make your own piece that's unique to you."
Open World Games,https://www.producthunt.com/topics/open-world-games,"With these games, you can go wherever you want, whenever you want. Time to explore."
Weather,https://www.producthunt.com/topics/weather,"You could look outside to see if it's raining, or you could look at your smartphone. Predict the future and plan your day with magical, fortune-telling weather apps."
Moving & Storage,https://www.producthunt.com/topics/moving-storage,"Whether you're moving across the world or cleaning out the junk under your staircase, there are so many services to help (and save your back)."
Retro Games,https://www.producthunt.com/topics/retro-games,"How often are you hit with a 'wave of nostalgia'? Yeah, us too. Lean into it with these:"
Wine,https://www.producthunt.com/topics/wine,These products have notes of greatness and legs for dripping into your nightly rotation.
Biking,https://www.producthunt.com/topics/biking,"Slip on your spandex, stretch your legs, and explore these products before hopping onto your bike."
Playstation,https://www.producthunt.com/topics/playstation,
History Books,https://www.producthunt.com/topics/history-books,"Learn more about the past, because the past repeats itself so you better be prepared."
Party,https://www.producthunt.com/topics/party,Grab your friends üëØ and your best playlist üé∂. Get loose! üéâ
Action Games,https://www.producthunt.com/topics/action-games,Do you want your games to feel like they were created by Michael Bay? Check out these heart-pumping titles if you're a fan of cinematic scenes and over-the-top action.
Football,https://www.producthunt.com/topics/football,There's nothing like tossing around the ole pigskin. What else are Sundays for? üèà
Money,https://www.producthunt.com/topics/money,
Adult Coloring Books,https://www.producthunt.com/topics/adult-coloring-books,Coloring books aren't just for kids. Take a load off and relax with color. Just make sure to stay in the lines. üé®
Sci-Fi Games,https://www.producthunt.com/topics/sci-fi-games,Explore unreal and unreachable worlds from space to jurassic jungles.
Crafting Games,https://www.producthunt.com/topics/crafting-games,It's like DIY in video games. Make your own fun.
Novels,https://www.producthunt.com/topics/novels,Open your imagination and get lost in a good story.
RPGs,https://www.producthunt.com/topics/rpgs,You've got a new quest! Talk to makers and uncover your new favorite game.
Cookbooks,https://www.producthunt.com/topics/cookbooks,"Mastered the art of French cooking already?! Try these, chef."
Growth Hacks,https://www.producthunt.com/topics/growth-hacks,
No-Code,https://www.producthunt.com/topics/no-code,
Simulation Games,https://www.producthunt.com/topics/simulation-games,"From goat to truck driving, there's a simulator for everything. Live a different life without leaving your full-time job."
ARKit,https://www.producthunt.com/topics/arkit,A framework to create Augmented Reality experiences for iOS
DJing,https://www.producthunt.com/topics/djing,Turn that bass up! Get yourself a booth and some help from these:
Fantasy Games,https://www.producthunt.com/topics/fantasy-games,"Real life can get boring. Fly dragons, cast spells, and battle trolls in your pajamas."
Alarms,https://www.producthunt.com/topics/alarms,"Still using the default alarm on your phone? Try something new, but warning: not all of them come with a snooze button. üò¥"
Word Games,https://www.producthunt.com/topics/word-games,Ready for a challenge beyond your daily Wordle?
Quantified Self,https://www.producthunt.com/topics/quantified-self,Lifelogging detailed data can help make better choices
Fashion Books,https://www.producthunt.com/topics/fashion-books,Anna Wintour would be proud of your fashion savvy. Read your way to a fabulous look.
Soccer,https://www.producthunt.com/topics/soccer,"Some might disagree on its actual name, but we can all agree that it's fantastic! ‚öΩÔ∏è"
Platformers,https://www.producthunt.com/topics/platformers,Platformers have been around for a long time in video games and for good reason. Jump around through the colorful world of Mario to the unforgiving dangers in Super Meat Boy.
XBox,https://www.producthunt.com/topics/xbox,Microsoft's console brings you awesome games like Halo and Gears of War and doubles as a killer home media device.
Tabletop Games,https://www.producthunt.com/topics/tabletop-games,Gather your friends and play some games around a table (or floor... tabletop games also work on that platform).
Custom Keyboards,https://www.producthunt.com/topics/custom-keyboards,"Keyboards are for more than just typing. Share your location, send the perfect GIF, and speak in emojis using fancy custom keyboards on your iPhone."
Remote Work,https://www.producthunt.com/topics/remote-work,"Whether you're on a couch, a tropical beach, or the slopes, find some remote inspo here."
Web3,https://www.producthunt.com/topics/web3,"The future on blockchain. All things wagmi, ngmi, and more."
Medical,https://www.producthunt.com/topics/medical,Smart appliances and technologies revolutioning medicine and healthcare
Funny Games,https://www.producthunt.com/topics/funny-games,"If you lose these games, at least you had a laugh."
Celebrities,https://www.producthunt.com/topics/celebrities,We love a Hollywood meets tech crossover.
Yoga Books,https://www.producthunt.com/topics/yoga-books,Find your inner zen (and get a good work out) with the techniques shared in these books.
Sports Games,https://www.producthunt.com/topics/sports-games,"Football, Soccer, Hockey, Basketball, Baseball. Now you can play them all, without breaking a sweat."
PlayStation VR,https://www.producthunt.com/topics/playstation-vr,The Sony PlayStation aims to bring virtual reality (VR) to anyone with a PS4. No costly PC needed.
Basketball,https://www.producthunt.com/topics/basketball,"You may not be 6' 6"" but you can still enjoy a 5 vs. 5 game of basketball (or H.O.R.S.E. with a few friends). üèÄ"
Social Impact,https://www.producthunt.com/topics/social-impact,We turn to these products to feel hopeful about our world. üòä
Web Design,https://www.producthunt.com/topics/web-design,
Surfing,https://www.producthunt.com/topics/surfing,Cowabunga my dudes & dudettes! Snag a board and let's hit the water. üèÑ
Maker Tools,https://www.producthunt.com/topics/maker-tools,
MMOs,https://www.producthunt.com/topics/mmos,"Games are better with others. Connect with friends for a raid, or make new friends in far away lands."
Horror Games,https://www.producthunt.com/topics/horror-games,"DO NOT go in there. Okay, do it and then tell us what happens. üôà"
UX Design,https://www.producthunt.com/topics/ux-design,
Nintendo,https://www.producthunt.com/topics/nintendo,"The king of handheld gaming is still on top. Play the classics, from Mario to Pokemon, reimagined in 3D without the need for dorky glasses."
Work In Progress,https://www.producthunt.com/topics/work-in-progress,
Swimming,https://www.producthunt.com/topics/swimming,"Grab your speedos, get your technique right, and tumble turn like a pro... or just doggy paddle."
Historical Games,https://www.producthunt.com/topics/historical-games,Time to show off that great elephant memory with one of these games. üêò
Driving Games,https://www.producthunt.com/topics/driving-games,"We all love to drive fast. The police aren't big fan of it. If you want to become Ricky Bobby for an afternoon, get behind the wheel of these speedsters."
Business,https://www.producthunt.com/topics/business,
Crime Books,https://www.producthunt.com/topics/crime-books,"Turn into Sherlock Holmes, without leaving your bed. Grab a book and see if you can solve the crime before the last chapter."
Skateboarding,https://www.producthunt.com/topics/skateboarding,You may not be Tony Hawk (yet!) but you can still share kickflip photos on Krak and travel to work on the electric-powered Boosted Board.
First Person Shooter,https://www.producthunt.com/topics/first-person-shooter,"Lock and load! It's time to jump into the action a go face to face with zombies, robots, and ninjas. Good luck."
Isometric Games,https://www.producthunt.com/topics/isometric-games,2D can be so limiting. Skew the view and explore these beautiful isometric titles.
Cryptocurrency,https://www.producthunt.com/topics/cryptocurrency,
Blockchain,https://www.producthunt.com/topics/blockchain,
Cannabis,https://www.producthunt.com/topics/cannabis,"Marijuana is the new alcohol. With legalization sweeping all 50 states, a wave of startups is launching to help you enjoy it."
Donald Trump,https://www.producthunt.com/topics/donald-trump,"Politician, businessman, television personality, and potentially the next President of the United States... we'll avoid talking politics here. üòÅ"
Fighting Games,https://www.producthunt.com/topics/fighting-games,These ones are for all of you who woke up this morning and chose violence.
Thriller Books,https://www.producthunt.com/topics/thriller-books,Page turners that twist and turn and keep us on the edge of our seat.
Golf,https://www.producthunt.com/topics/golf,"Golf may be one of the slowest sports invented but it's also one of the most challenging, where even the slightest mistake will cost you the green jacket. Now we have apps and advanced tech to help us reach Tiger-level results. ‚õ≥Ô∏è"
Audio,https://www.producthunt.com/topics/audio,
HTC Vive,https://www.producthunt.com/topics/htc-vive,"Steam's take on virtual reality (VR), focused on mobility and great gaming."
Graphics & Design,https://www.producthunt.com/topics/graphics-design,
Horror Books,https://www.producthunt.com/topics/horror-books,Flip on the nightlight and curl up with a frightening novel.
Development,https://www.producthunt.com/topics/development,
Finance,https://www.producthunt.com/topics/finance,
Social media marketing,https://www.producthunt.com/topics/social-media-marketing,
Tennis,https://www.producthunt.com/topics/tennis,"You might need to work on your backswing, but everyone loves tennis! üéæ"
Tower Defense Games,https://www.producthunt.com/topics/tower-defense-games,The enemy's approaching. Set up your barriers and make sure no one gets in.
Zombie Games,https://www.producthunt.com/topics/zombie-games,Will you survive the zombie apocalypse? Here are a few ways to find out.
Kanye West,https://www.producthunt.com/topics/kanye-west,"Ye, Yeezy, Yeezus, Pablo... I'mma let you finish but these are some of the best products of all time."
Blockstack,https://www.producthunt.com/topics/blockstack,Decentralized apps built on Blockstack
Boxing,https://www.producthunt.com/topics/boxing,"Throw on iPunch smart gloves and work on that right hook, or start slow with a mobile game like Real Boxing 2 CREED. Float like a butterfly and sting like a bee. üëä"
Data & Analytics,https://www.producthunt.com/topics/data-analytics,
DJ Khaled,https://www.producthunt.com/topics/dj-khaled,"""Anotha one,"" raise your hand if you already know who we're talking about."
Baseball,https://www.producthunt.com/topics/baseball,"Grab your peanuts and crackerjacks, it‚Äôs time to dive into one of the world's most popular (and nostalgic) sports. ‚öæÔ∏è"
Drake,https://www.producthunt.com/topics/drake,It was God's Plan for you to stumble across these Way 2 Sexy products. üòâ
Health,https://www.producthunt.com/topics/health,
Wii U,https://www.producthunt.com/topics/wii-u,"Relive your childhood with Mario, Zelda, and Pokemon on Nintendo's motion-sensing console."
Vita,https://www.producthunt.com/topics/vita,Sony's second handheld brings console quality games straight to your fingertips. Play Vita exclusives or even stream games directly from your PS4.
Diversity & Inclusion,https://www.producthunt.com/topics/diversity-inclusion,We grow faster when everyone's voice is heard. These products can help along the way.
FemTech,https://www.producthunt.com/topics/femtech,"Let's focus on women; fertility solutions, period-tracking app, pregnancy and nursing care, women's sexual wellness, reproductive system health care and more."
Data Science,https://www.producthunt.com/topics/data-science,
Marketing automation,https://www.producthunt.com/topics/marketing-automation,
Design,https://www.producthunt.com/topics/design,
Graphic Design,https://www.producthunt.com/topics/graphic-design,
Data Visualization,https://www.producthunt.com/topics/data-visualization,
Personal Finance,https://www.producthunt.com/topics/personal-finance,
Food & Drink,https://www.producthunt.com/topics/food-drink,
Online Learning,https://www.producthunt.com/topics/online-learning,
Tech news,https://www.producthunt.com/topics/tech-news,
Affiliate marketing,https://www.producthunt.com/topics/affiliate-marketing,
Business Intelligence,https://www.producthunt.com/topics/business-intelligence,
Digital Art,https://www.producthunt.com/topics/digital-art,
Photo & Video,https://www.producthunt.com/topics/photo-video,
Computers,https://www.producthunt.com/topics/computers,
Animation,https://www.producthunt.com/topics/animation,
Influencer marketing,https://www.producthunt.com/topics/influencer-marketing,
Community,https://www.producthunt.com/topics/community,
Security,https://www.producthunt.com/topics/security,
Beauty & Fashion,https://www.producthunt.com/topics/beauty-fashion,
Entertainment,https://www.producthunt.com/topics/entertainment,
Design resources,https://www.producthunt.com/topics/design-resources,
Bitcoin,https://www.producthunt.com/topics/bitcoin,
Data,https://www.producthunt.com/topics/data,
Lifestyle,https://www.producthunt.com/topics/lifestyle,
Human Resources,https://www.producthunt.com/topics/human-resources,
Database,https://www.producthunt.com/topics/database,
Illustration,https://www.producthunt.com/topics/illustration,
NFT,https://www.producthunt.com/topics/nft,Everything from digital art to utilities built for web3.
Social Networking,https://www.producthunt.com/topics/social-networking,
Development Language,https://www.producthunt.com/topics/development-language,
Photo editing,https://www.producthunt.com/topics/photo-editing,
Design templates,https://www.producthunt.com/topics/design-templates,
Video,https://www.producthunt.com/topics/video,
Logo Design,https://www.producthunt.com/topics/logo-design,
Shopping,https://www.producthunt.com/topics/shopping,
Science,https://www.producthunt.com/topics/science,
DeFi,https://www.producthunt.com/topics/defi,
3D Modeling,https://www.producthunt.com/topics/3d-modeling,
Business Travel,https://www.producthunt.com/topics/business-travel,When you need to get on the road (or air) for work. These products have got your ticket.
Hacking,https://www.producthunt.com/topics/hacking,
Consulting,https://www.producthunt.com/topics/consulting,
Health news,https://www.producthunt.com/topics/health-news,
Ethereum,https://www.producthunt.com/topics/ethereum,
Coding Books,https://www.producthunt.com/topics/coding-books,
DAO,https://www.producthunt.com/topics/dao,Decentralized autonomous organizations are rallying people to self-organize and accomplish their goals in a more open way
CRM,https://www.producthunt.com/topics/crm,
Clothing,https://www.producthunt.com/topics/clothing,
Fundraising,https://www.producthunt.com/topics/fundraising,
Electronic Music,https://www.producthunt.com/topics/electronic-music,
Career,https://www.producthunt.com/topics/career,
Monetization,https://www.producthunt.com/topics/monetization,
Accounting,https://www.producthunt.com/topics/accounting,
Home improvement,https://www.producthunt.com/topics/home-improvement,
Drawing,https://www.producthunt.com/topics/drawing,
Banking,https://www.producthunt.com/topics/banking,
Construction,https://www.producthunt.com/topics/construction,
Home services,https://www.producthunt.com/topics/home-services,
Nature & Outdoors,https://www.producthunt.com/topics/nature-outdoors,
Marketing attribution,https://www.producthunt.com/topics/marketing-attribution,
Fitness,https://www.producthunt.com/topics/fitness,
Event marketing,https://www.producthunt.com/topics/event-marketing,
Food Delivery,https://www.producthunt.com/topics/food-delivery,
Operations,https://www.producthunt.com/topics/operations,
Spirituality,https://www.producthunt.com/topics/spirituality,
Interior design,https://www.producthunt.com/topics/interior-design,
Notion,https://www.producthunt.com/topics/notion,Endless possibilities for operating work and life with these products built with and for Notion.
Business Books,https://www.producthunt.com/topics/business-books,
DIY,https://www.producthunt.com/topics/diy,
Home office,https://www.producthunt.com/topics/home-office,
Change Management,https://www.producthunt.com/topics/change-management,
Electric Cars,https://www.producthunt.com/topics/electric-cars,The future is electric. Transportation is changing and electric cars are helping create cleaner mobility options for people around the world.
Live Music,https://www.producthunt.com/topics/live-music,
Graphics,https://www.producthunt.com/topics/graphics,
Nutrition,https://www.producthunt.com/topics/nutrition,
Furniture,https://www.producthunt.com/topics/furniture,
Video Art,https://www.producthunt.com/topics/video-art,
DApp,https://www.producthunt.com/topics/dapp,"Decentralized apps are the peer-to-peer cousins of the applications we use today. When you don't want your data locked up with a single company, check out these blockchain-based alternatives to give you ownership over your information."
Painting,https://www.producthunt.com/topics/painting,
Live Events,https://www.producthunt.com/topics/live-events,
Kids & Parenting,https://www.producthunt.com/topics/kids-parenting,
Crafting,https://www.producthunt.com/topics/crafting,
Comedy,https://www.producthunt.com/topics/comedy,
Mixed Reality,https://www.producthunt.com/topics/mixed-reality,
Classical Music,https://www.producthunt.com/topics/classical-music,
Password manager,https://www.producthunt.com/topics/password-manager,
Hotels,https://www.producthunt.com/topics/hotels,"When you need a change of scenery, take a trip and order in some room service with these products."
Cell Phone,https://www.producthunt.com/topics/cell-phone,
Family,https://www.producthunt.com/topics/family,
Video cameras,https://www.producthunt.com/topics/video-cameras,
Wireframing,https://www.producthunt.com/topics/wireframing,
Budgeting,https://www.producthunt.com/topics/budgeting,
Encryption,https://www.producthunt.com/topics/encryption,
Marketing calendar,https://www.producthunt.com/topics/marketing-calendar,
Printing,https://www.producthunt.com/topics/printing,
LGBTQ+,https://www.producthunt.com/topics/lgbtq,
Cosmetics,https://www.producthunt.com/topics/cosmetics,
Chat rooms,https://www.producthunt.com/topics/chat-rooms,
Extended Reality,https://www.producthunt.com/topics/extended-reality,
Memes,https://www.producthunt.com/topics/memes,
Statistical Analysis,https://www.producthunt.com/topics/statistical-analysis,
Credit card,https://www.producthunt.com/topics/credit-card,
Aquarium,https://www.producthunt.com/topics/aquarium,
Farming,https://www.producthunt.com/topics/farming,
School,https://www.producthunt.com/topics/school,
Plants,https://www.producthunt.com/topics/plants,
Political news,https://www.producthunt.com/topics/political-news,
Nature,https://www.producthunt.com/topics/nature,
Hiking,https://www.producthunt.com/topics/hiking,
Radio,https://www.producthunt.com/topics/radio,
VPN,https://www.producthunt.com/topics/vpn,
Home security,https://www.producthunt.com/topics/home-security,
Coloring,https://www.producthunt.com/topics/coloring,
Calligraphy,https://www.producthunt.com/topics/calligraphy,
Physics,https://www.producthunt.com/topics/physics,
Toys,https://www.producthunt.com/topics/toys,
Local news,https://www.producthunt.com/topics/local-news,
Hip-Hop,https://www.producthunt.com/topics/hip-hop,
Ticketing,https://www.producthunt.com/topics/ticketing,
Motorcycles,https://www.producthunt.com/topics/motorcycles,"Motorcycles offer simplicity when it comes to travel on the open road, but these products can help make that trip more enjoyable or even keep you safe."
Personal shopper,https://www.producthunt.com/topics/personal-shopper,
Survival,https://www.producthunt.com/topics/survival,
Camping,https://www.producthunt.com/topics/camping,
Pop culture,https://www.producthunt.com/topics/pop-culture,
Babies,https://www.producthunt.com/topics/babies,
Concerts,https://www.producthunt.com/topics/concerts,
Weightlifiting,https://www.producthunt.com/topics/weightlifiting,
Running,https://www.producthunt.com/topics/running,
Streetwear,https://www.producthunt.com/topics/streetwear,
Tablet,https://www.producthunt.com/topics/tablet,
Modeling,https://www.producthunt.com/topics/modeling,
SDK,https://www.producthunt.com/topics/sdk,
Webcam,https://www.producthunt.com/topics/webcam,
Dieting,https://www.producthunt.com/topics/dieting,
Sporting Events,https://www.producthunt.com/topics/sporting-events,
Alcohol,https://www.producthunt.com/topics/alcohol,
Appliances,https://www.producthunt.com/topics/appliances,
Textbooks,https://www.producthunt.com/topics/textbooks,
Climbing,https://www.producthunt.com/topics/climbing,"When gravity cannot hold you down, check out these products for helping you through the crux."
GPS,https://www.producthunt.com/topics/gps,
Edge Extensions,https://www.producthunt.com/topics/edge-extensions,Super charge your Edge browser with extensions that customize your web experience ‚ö°Ô∏è
Neighborhood,https://www.producthunt.com/topics/neighborhood,
Tuning,https://www.producthunt.com/topics/tuning,
College Sports,https://www.producthunt.com/topics/college-sports,
Sensors,https://www.producthunt.com/topics/sensors,
Toddlers,https://www.producthunt.com/topics/toddlers,
Theater,https://www.producthunt.com/topics/theater,
Dining,https://www.producthunt.com/topics/dining,
Rock,https://www.producthunt.com/topics/rock,
Concert,https://www.producthunt.com/topics/concert,
Home theater,https://www.producthunt.com/topics/home-theater,
Military,https://www.producthunt.com/topics/military,
DSLRs,https://www.producthunt.com/topics/dslrs,
Racing,https://www.producthunt.com/topics/racing,Products for when you live life a quarter-mile at a time.
Pregnancy,https://www.producthunt.com/topics/pregnancy,
